{"cameraMode":{"drawMode":0,"name":"Shaded","section":"Shading Mode"},"sceneLighting":true,"audioPlay":false,"sceneViewState":{"m_AlwaysRefresh":false,"showFog":true,"showSkybox":true,"showFlares":true,"showImageEffects":true,"showParticleSystems":true,"showVisualEffectGraphs":true,"m_FxEnabled":true},"in2DMode":false,"pivot":{"x":69.55232238769531,"y":3.0103650093078615,"z":67.90448760986328},"rotation":{"x":0.42234188318252566,"y":0.0034643784165382387,"z":-0.0007667177123948932,"w":0.906745433807373},"size":2.4772419929504396,"orthographic":false}