{"cameraMode":{"drawMode":0,"name":"Shaded","section":"Shading Mode"},"sceneLighting":true,"audioPlay":false,"sceneViewState":{"m_AlwaysRefresh":false,"showFog":true,"showSkybox":true,"showFlares":true,"showImageEffects":true,"showParticleSystems":true,"showVisualEffectGraphs":true,"m_FxEnabled":true},"in2DMode":false,"pivot":{"x":67.35896301269531,"y":-7.135814666748047,"z":90.62254333496094},"rotation":{"x":0.012064199894666672,"y":0.9076300859451294,"z":-0.41879862546920779,"w":0.026148594915866853},"size":37.488460540771487,"orthographic":false}