{"cameraMode":{"drawMode":0,"name":"Shaded","section":"Shading Mode"},"sceneLighting":true,"audioPlay":false,"sceneViewState":{"m_AlwaysRefresh":false,"showFog":true,"showSkybox":true,"showFlares":true,"showImageEffects":true,"showParticleSystems":true,"showVisualEffectGraphs":true,"m_FxEnabled":true},"in2DMode":false,"pivot":{"x":66.08869934082031,"y":0.3085308074951172,"z":94.81266021728516},"rotation":{"x":-0.0027804214041680099,"y":-0.9860053658485413,"z":0.16752642393112184,"w":-0.012115716002881527},"size":16.132890701293947,"orthographic":false}