{"cameraMode":{"drawMode":0,"name":"Shaded","section":"Shading Mode"},"sceneLighting":true,"audioPlay":false,"sceneViewState":{"m_AlwaysRefresh":false,"showFog":true,"showSkybox":true,"showFlares":true,"showImageEffects":true,"showParticleSystems":true,"showVisualEffectGraphs":true,"m_FxEnabled":true},"in2DMode":false,"pivot":{"x":72.62306213378906,"y":-2.012507438659668,"z":43.39264678955078},"rotation":{"x":0.012320010922849179,"y":0.9859758019447327,"z":-0.08481425791978836,"w":0.14327283203601838},"size":45.49845504760742,"orthographic":false}