{"cameraMode":{"drawMode":0,"name":"Shaded","section":"Shading Mode"},"sceneLighting":false,"audioPlay":false,"sceneViewState":{"m_AlwaysRefresh":false,"showFog":true,"showSkybox":false,"showFlares":true,"showImageEffects":true,"showParticleSystems":true,"showVisualEffectGraphs":true,"m_FxEnabled":true},"in2DMode":false,"pivot":{"x":0.0070705413818359379,"y":2.7790191173553469,"z":-0.00759124755859375},"rotation":{"x":0.1383143812417984,"y":-0.7488380074501038,"z":0.16490188241004945,"w":0.6270632147789002},"size":21.22202491760254,"orthographic":false}